<lxs>
    <scene root="root" axis_length="5"/>

    <views default="defaultCamera">
        <perspective id="defaultCamera" near="0.1" far="500" angle="45">
            <from x="30" y="15" z="30" />
            <to x="0" y="-2" z="0" />
        </perspective>
    </views>

    <globals>
        <ambient r="0.2" g="0.2" b="0.2" a="1.0" />
        <background r="0.0" g="0.0" b="0.0" a="1.0" />
    </globals>

    <lights>
        <omni id="demoLight" enabled="1">
            <location x="9.8" y="11.9" z="10" w="1.0" />
            <ambient r="0" g="0" b="0" a="1.0" />
            <diffuse r="1.0" g="1.0" b="1.0" a="1.0" />
            <specular r="1.0" g="1.0" b="1.0" a="1.0" />
        </omni>


        <spot id="spotlight" enabled="1" angle="45" exponent="1">

            <!-- atencao, "target" e' diferente de "direction" -->
            <location x="25" y="0" z="0" w="1" />
            <target x="20" y="0" z="0" />
            <ambient r="1.0" g="1.0" b="1.0" a="1" />
            <diffuse r="0" g="0" b="0" a="0" />
            <specular r="1.0" g="1.0" b="1.0" a="1" />
            <attenuation constant="0" linear="0" quadratic="0" />
        </spot>
        
        <spot id="spotlight2" enabled="1" angle="-45" exponent="1">

            <!-- atencao, "target" e' diferente de "direction" -->
            <location x="10" y="5" z="5" w="1" />
            <target x="0" y="0" z="0" />
            <ambient r="1.0" g="1.0" b="1.0" a="1" />
            <diffuse r="0" g="0" b="0" a="0" />
            <specular r="0" g="0" b="0" a="1" />
            <attenuation constant="1" linear="0" quadratic="0" />
        </spot>
    </lights>

    <textures>
        <texture id="demoTexture" file="scenes/images/dark_glass.jpg" />
        <texture id="treeTrunkImg" file="scenes/images/trunk-image.jpg" />
        <texture id="treeTopText" file="scenes/images/leaves.jpg" />
        <texture id="snowTex" file="scenes/images/images.png" />
        <texture id="roofTopText" file="scenes/images/metalTex.jpg" />
        <texture id="floorText" file="scenes/images/grass.png" />
        <texture id="houseWall" file="scenes/images/house.jpg" />
        <texture id="car_front" file="scenes/images/front_car.jpg" />
        <texture id="car_back" file="scenes/images/back_car.jpg" />
        <texture id="car_side" file="scenes/images/side_car.jpg" />
        <texture id="car_roof" file="scenes/images/roof_car.jpg" />
        <texture id="car_roof1" file="scenes/images/roof1_car.jpg" />
        <texture id="back_window" file="scenes/images/back_window.jpg" />
        <texture id="truck_side" file="scenes/images/side_truck.jpg" />
        <texture id="truck_front" file="scenes/images/truck2_front.jpg" />
        <texture id="truck_front_front" file="scenes/images/front_truck.jpg" />
        <texture id="truck_side1" file="scenes/images/thumb.jpg" />
        <texture id="truck_side2" file="scenes/images/truck2_side.jpg" />
        <texture id="truck_side3_1" file="scenes/images/truck3_side1.jpg" />
        <texture id="truck_side3_2" file="scenes/images/truck3_side2.jpg" />
        <texture id="truck_top" file="scenes/images/top_truck.jpg" />
        <texture id="asphalt" file="scenes/images/asphalt.jpg" />
        <texture id="beton" file="scenes/images/beton.jpg" />
        <texture id="bancada" file="scenes/images/crowd2.jpg" />
    </textures>

    <materials>
        <material id="demoMaterial" shininess="1">
            <emission r="0.0" g="0.0" b="0.0" a="1.0" />
            <ambient r="1.0" g="0.0" b="0.0" a="1.0" />
            <diffuse r="0.6" g="0.0" b="0.0" a="1.0" />
            <specular r="0.6" g="0.0" b="0.0" a="1.0" />
        </material>
    </materials>

    <transformations>
        <transformation id="demoTransform">
            <scale x="0.5" y="0.5" z="0.5" />
            <rotate axis="z" angle="-45" />
            <rotate axis="x" angle="-45" />
        </transformation>

    </transformations>

    <primitives>
        <primitive id="rectangle">
            <rectangle x1="-0.5" y1="-1" x2="0.5" y2="1" />
        </primitive>
       
        <primitive id="cylinder">
            <cylinder base="0.5" top="0.5" height="2" slices="50" stacks="50"/>
        </primitive>
         <primitive id="acylinder">
            <cylinder base="0.5" top="2" height="2" slices="50" stacks="50"/>
        </primitive>
        <primitive id="track">
            <torus outer="20" inner="3" slices="30" loops="100"/>
        </primitive>
        <primitive id="out_floor">
            <torus outer="24" inner="1" slices="30" loops="100"/>
        </primitive>
          <primitive id="floor_cylinder">
            <cylinder base="17" top="0" height="0" slices="50" stacks="50"/>
        </primitive>
        
         <primitive id="under_cylinder">
            <torus outer="30" inner="5" slices="100" loops="100"/>
        </primitive>
        
         <primitive id="stadium">
            <cylinder base="25" top="35" height="10" slices="50" stacks="50"/>
        </primitive>
         <primitive id="stadium_support">
            <cylinder base="35" top="35" height="10.2" slices="50" stacks="50"/>
        </primitive>
        <primitive id = "sphere">
            <sphere radius="1" slices = "40" stacks="40"/>
        </primitive>
        <primitive id = "triangle">
            <triangle x1="-1" y1="0" z1="0" x2="1" y2="0" z2="0" x3="0" y3="1.415" z3="0"/>
        </primitive>
         <primitive id = "rectriangle">
            <triangle x1="0" y1="0" z1="0" x2="0" y2="0.9" z2="0" x3="0.5" y3="0" z3="0"/>
        </primitive>
        <primitive id = "rectriangle2">
            <triangle x1="0" y1="0" z1="0" x2="0" y2="0.8" z2="0" x3="0.8" y3="0" z3="0"/>
        </primitive>
        <primitive id = "torus">
            <torus outer="1" inner="0.5" slices="30" loops="30"/>
        </primitive>
    </primitives>

    <components>
        <component id="root">
            <transformation>
                <!-- <translate x="0" y="0" z="1" />
                <scale x="1.5" y="1" z="1" /> -->
            </transformation>
            <materials>
                <material id="demoMaterial" />
            </materials>
            <texture id="none"/>
            <children>
                <componentref id="forest"/>
                <componentref id="house"/>
                <componentref id="house_1"/>
                <!-- <componentref id = "back_floor" /> -->
                <componentref id="sculp"/>
                <componentref id = "farol"/>
                <componentref id = "stand"/>
                <componentref id = "stadiummm"/>
                <componentref id = "workshop"/>
            </children>
        </component>

        <component id="stadiummm">
            <transformation>
                    <scale x="1.4" y="1" z="1" />
            </transformation>
            <materials>
                <material id="demoMaterial" />
            </materials>
            <texture id="none"/>
            <children>
                <componentref id = "stadiumm"/>    
                <componentref id="pista"/>
                <componentref id = "stadiumm_support"/>   
                <componentref id = "stadiut"/>   
        </children>
        </component>
        
         <component id="stadiumm_support">
            <transformation>
                <scale x="1.3" y="1" z="1" />
                <rotate axis="x" angle="-90"/>
            </transformation>
            <materials>
                <material id="demoMaterial" />
            </materials>
            <texture id="roofTopText"/>
            <children>
                <primitiveref id = "stadium_support"/>
            </children>
            </component>

            <component id="stadiut">
            <transformation>
                <scale x="1.3" y="0" z="1" />
                <rotate axis="x" angle="-90"/>
            </transformation>
            <materials>
                <material id="demoMaterial" />
            </materials>
            <texture id="floorText"/>
            <children>
                <primitiveref id = "under_cylinder"/>
            </children>
            </component>

            <component id="stadiumm">
            <transformation>
                <scale x="1.3" y="1" z="1" />
                <rotate axis="x" angle="-90"/>
            </transformation>
            <materials>
                <material id="demoMaterial" />
            </materials>
            <texture id="bancada"/>
            <children>
                <primitiveref id = "stadium"/>
                <componentref id = "stadium_floor"/> 
            </children>

        </component>
          <component id="stadium_floor">
            <transformation>
            </transformation>
            <materials>
                <material id="demoMaterial" />
            </materials>
            <texture id="floorText"/>
            <children>
                <primitiveref id = "floor_cylinder"/>
            </children>
        </component>
        


         <component id="stadium_out_floor">
            <transformation>
            </transformation>
            <materials>
                <material id="demoMaterial" />
            </materials>
            <texture id="beton"/>
            <children> 
                <primitiveref id = "out_floor"/>    
            </children>
        </component>
        <component id="pista">
            <transformation>
                <scale x="1.3" y="0" z="1" />
                <rotate axis="x" angle="-90"/>
            </transformation>
            <materials>
                <material id="demoMaterial" />
            </materials>
            <texture id="asphalt"/>
            <children>
                <componentref id = "stadium_out_floor"/>    
                <primitiveref id = "track"/>
            </children>
        </component>

        <component id="treetrunk">
            <transformation>
                <rotate axis="x" angle="-90" />
                <scale x = "0.2" y = "0.2" z = "0.5" />
            </transformation>
             <materials>
                <material id="demoMaterial" />
            </materials>
            <texture id="treeTrunkImg"/>
            <children>
                <primitiveref id = "cylinder" />
            </children>
        </component>
 
        <component id = "treetop">
            <transformation>
                <translate x = "0" y = "1" z = "0" />
                <rotate axis="x" angle="-90" /> 
                <scale x = "0.4" y = "0.4" z = "0.5" />
            </transformation>
             <materials>
                <material id="demoMaterial" />
            </materials>
            <texture id="treeTopText"/>
            <children>
                <primitiveref id = "sphere" />
            </children>
        </component>


<!-- conjunto de arvores da cena -->
        <component id = "tree_0">
            <transformation>
                <translate x = "0" y = "0" z = "4" />
            </transformation>
             <materials>
                <material id="demoMaterial" />
            </materials>
            <texture id="none"/>
            <children>
                <componentref id="treetop"/>
                <componentref id="treetrunk"/>
            </children>
        </component>
        <component id = "tree_1">
            <transformation>
                <translate x = "2" y = "0" z = "5" />
            </transformation>
             <materials>
                <material id="demoMaterial" />
            </materials>
            <texture id="demoTexture"/>
            <children>
                <componentref id="treetop"/>
                <componentref id="treetrunk"/>
            </children>
        </component>
        <component id = "tree_2">
            <transformation>
                <translate x = "1.9" y = "0" z = "3" />
                <scale x="1.5" y="1" z="1" />
            </transformation>
             <materials>
                <material id="demoMaterial" />
            </materials>
            <texture id="demoTexture"/>
            <children>
                <componentref id="treetop"/>
                <componentref id="treetrunk"/>
            </children>
        </component>
        <component id = "tree_3">
            <transformation>
                <translate x = "2" y = "0" z = "-4" />
                <scale x="1.5" y="2" z="1.5" />
            </transformation>
             <materials>
                <material id="demoMaterial" />
            </materials>
            <texture id="demoTexture"/>
            <children>
                <componentref id="treetop"/>
                <componentref id="treetrunk"/>
            </children>
        </component>
        <component id = "tree_4">
            <transformation>
                <translate x = "-4" y = "0" z = "2" />
            </transformation>
             <materials>
                <material id="demoMaterial" />
            </materials>
            <texture id="demoTexture"/>
            <children>
                <componentref id="treetop"/>
                <componentref id="treetrunk"/>
            </children>
        </component>
        <component id = "tree_5">
            <transformation>
                <translate x = "5" y = "0" z = "2" />
            </transformation>
             <materials>
                <material id="demoMaterial" />
            </materials>
            <texture id="demoTexture"/>
            <children>
                <componentref id="treetop"/>
                <componentref id="treetrunk"/>
            </children>
        </component>
        <component id = "tree_6">
            <transformation>
                <translate x = "-4" y = "0" z = "-4" />
            </transformation>
             <materials>
                <material id="demoMaterial" />
            </materials>
            <texture id="demoTexture"/>
            <children>
                <componentref id="treetop"/>
                <componentref id="treetrunk"/>
            </children>
        </component>

        <component id = "tree_7">
            <transformation>
                <translate x = "6" y = "0" z = "-4.5" />
                <scale x="3" y="2" z="3" />
            </transformation>
             <materials>
                <material id="demoMaterial" />
            </materials>
            <texture id="demoTexture"/>
            <children>
                <componentref id="treetop"/>
                <componentref id="treetrunk"/>
            </children>
        </component>
        <component id = "forest">
            <transformation>
                <translate x = "-10" y = "0" z = "-5" />
            </transformation>
             <materials>
                <material id="demoMaterial" />
            </materials>
            <texture id="none"/>
            <children>
                <componentref id="tree_0"/>
                <componentref id="tree_1"/>
                <componentref id="tree_2"/>
                <componentref id="tree_3"/>
                <componentref id="tree_4"/>
                <componentref id="tree_5"/>
                <componentref id="tree_6"/>
                <componentref id="tree_7"/>
            </children>
        </component>

        <!-- chao da cena -->
        <component id = "back_floor">
            <transformation>
                <scale x = "40" y = "10" z = "20" />
                <rotate axis="x" angle="-90"/>
            </transformation>
             <materials>
                <material id="demoMaterial" />
            </materials>
            <texture id="floorText"/>
            <children>
                <primitiveref id = "rectangle" />
            </children>
        </component>
        

        <!-- casa e todos os seus componentes -->
            <!-- alguns destes componentes sao tambem utilizados para a estrutura do centro da cena, o "miradouro" -->
        <component id = "l_wall">
            <transformation>
                <translate x="0" y="1" z = "-1"/>
                <scale x = "2" y = "1" z = "1" />
                <rotate axis="y" angle="180"/>
            </transformation>
             <materials>
                <material id="demoMaterial" />
            </materials>
            <texture id="houseWall"/>
            <children>
                <primitiveref id = "rectangle" />
            </children>
        </component>
        <component id = "r_wall">
            <transformation>
                <translate x="0" y="1" z = "1"/>
                <scale x = "2" y = "1" z = "1" />
            </transformation>
             <materials>
                <material id="demoMaterial" />
            </materials>
            <texture id="houseWall"/>
            <children>
                <primitiveref id = "rectangle" />
            </children>
        </component>
        <component id = "f_wall">
            <transformation>
                <rotate axis="y" angle="90"/>
                <translate x="0" y="1" z = "-1"/>
                <scale x = "2" y = "1" z = "1" />
                <rotate axis="y" angle="180"/>
            </transformation>
             <materials>
                <material id="demoMaterial" />
            </materials>
            <texture id="houseWall"/>
            <children>
                <primitiveref id = "rectangle" />
            </children>
        </component>
        <component id = "b_wall">
            <transformation>
                <rotate axis="y" angle="-90"/>
                <translate x="0" y="1" z = "-1"/>
                <scale x = "2" y = "1" z = "1" />
                <rotate axis="y" angle="180"/>
            </transformation>
             <materials>
                <material id="demoMaterial" />
            </materials>
            <texture id="houseWall"/>
            <children>
                <primitiveref id = "rectangle" />
            </children>
        </component>
        
        <component id = "house_floor">
            <transformation>
                <rotate axis="x" angle="-90"/>
                <translate x="0" y="0" z = "0"/>
                <scale x = "2" y = "1" z = "1" />
                <!-- <rotate axis="y" angle="180"/> -->
            </transformation>
             <materials>
                <material id="demoMaterial" />
            </materials>
            <texture id="houseWall"/>
            <children>
                <primitiveref id = "rectangle" />
            </children>
        </component>

        <component id = "b_roof">
            <transformation>
               <translate x="0" y="2" z = "1"/>
                <rotate axis="x" angle="-45"/>
            </transformation>
            <materials>
                <material id="demoMaterial" />
            </materials>
            <texture id="roofTopText"/>
            <children>
                <primitiveref id = "triangle" />
            </children>
        </component>
        
        <component id = "l_roof">
            <transformation>
                <translate x="0" y="2" z = "-1"/>
                <rotate axis="y" angle="180"/>
                <rotate axis="x" angle="-45"/>
            </transformation>
             <materials>
                <material id="demoMaterial" />
            </materials>
            <texture id="roofTopText"/>
            <children>
                <primitiveref id = "triangle" />
            </children>
        </component>
        <component id = "r_roof">
            <transformation>
                <translate x="1" y="2" z = "0"/>
                <rotate axis="y" angle="90"/>
                <rotate axis="x" angle="-45"/>
            </transformation>
             <materials>
                <material id="demoMaterial" />
            </materials>
            <texture id="roofTopText"/>
            <children>
                <primitiveref id = "triangle" />
            </children>
        </component>
         <component id = "f_roof">
            <transformation>
                <translate x="-1" y="2" z = "0"/>
                <rotate axis="y" angle="-90"/>
                <rotate axis="x" angle="-45"/>
            </transformation>
             <materials>
                <material id="demoMaterial" />
            </materials>
            <texture id="roofTopText"/>
            <children>
                <primitiveref id = "triangle" />
            </children>
        </component>
        <component id = "enfeite">
            <transformation>
                <translate x="-1" y="2" z = "0"/>
                <rotate axis="y" angle="-90"/>
                <scale x = "0.2" y = "0.2" z = "0.2" />
            </transformation>
             <materials>
                <material id="demoMaterial" />
            </materials>
            <texture id="demoTexture"/>
            <children>
                <primitiveref id = "torus" />
            </children>
        </component>
 
    <!-- casa(situada no chao da cena) -->
        <component id = "house">
            <transformation>
                <scale x="1.5" y="1.5" z="1.5" />
                <translate x="-15" y="0" z = "-2"/>
            </transformation>
             <materials>
                <material id="demoMaterial" />
            </materials>
            <texture id="none"/>
            <children>
                <componentref id = "l_wall" />
                <componentref id = "r_wall" />
                <componentref id = "f_wall" />
                <componentref id = "b_wall" />
                <componentref id = "b_roof" />
                <componentref id = "l_roof" />
                <componentref id = "r_roof" />
                <componentref id = "f_roof" />
                <componentref id = "enfeite" />
                <componentref id = "balcony" />
            </children>
        </component>

        <!-- miradouro -->

        <component id = "house_1">
            <transformation>
                <scale x="1.5" y="1.5" z="1.5" />
                <translate x="0" y="4" z = "0"/>
            </transformation>
             <materials>
                <material id="demoMaterial" />
            </materials>
            <texture id="none"/>
            <children>
                <componentref id = "l_wall" />
                <componentref id = "r_wall" />
                <componentref id = "f_wall" />
                <componentref id = "b_wall" />
                <componentref id = "balcony" />
                <componentref id = "house_floor" />

            </children>
        </component>

<!-- varanda + seus elementos -->


        <component id = "balcony_floor">
            <transformation>
                <translate x="0" y="2" z="0"/>
                <rotate axis="x" angle="-90"/>
                <scale x="2.5" y="1.25" z="2.5" />
            </transformation>
             <materials>
                <material id="demoMaterial" />
            </materials>
            <texture id="demoTexture"/>
            <children>
                <primitiveref id = "rectangle"/>
            </children>
        </component>
        <component id = "balcony_front">
            <transformation>
                <translate x="1.25" y="2.15" z="0"/>
                <rotate axis="x" angle="-90"/>
                <rotate axis="y" angle="90"/>
                <scale x="0.3" y="1.25" z="1" />
            </transformation>
             <materials>
                <material id="demoMaterial" />
            </materials>
            <texture id="demoTexture"/>
            <children>
                <primitiveref id = "rectangle"/>
            </children>
        </component>
         <component id = "balcony_back">
            <transformation>
                <translate x="-1.25" y="2.15" z="0"/>
                <rotate axis="x" angle="-90"/>
                <rotate axis="y" angle="90"/>
                <scale x="0.3" y="1.25" z="1" />
            </transformation>
             <materials>
                <material id="demoMaterial" />
            </materials>
            <texture id="demoTexture"/>
            <children>
                <primitiveref id = "rectangle"/>
            </children>
        </component>

        <component id = "balcony_side_l">
            <transformation>
                <translate x="0" y="2.15" z="1.25"/>
                <rotate axis="z" angle="-90"/>
                <scale x="0.3" y="1.25" z="0.2"/>
            </transformation>
             <materials>
                <material id="demoMaterial" />
            </materials>
            <texture id="demoTexture"/>
            <children>
                <primitiveref id = "rectangle"/>
            </children>
        </component>
                <component id = "balcony_side_r">
            <transformation>
                <translate x="0" y="2.15" z="-1.25"/>
                <rotate axis="z" angle="-90"/>
                <scale x="0.3" y="1.25" z="0.2"/>
            </transformation>
             <materials>
                <material id="demoMaterial" />
            </materials>
            <texture id="demoTexture"/>
            <children>
                <primitiveref id = "rectangle"/>
            </children>
        </component>
       
        <component id = "balcony">
            <transformation>
            </transformation>
             <materials>
                <material id="demoMaterial" />
            </materials>
            <texture id="demoTexture"/>
            <children>
               <componentref id = "balcony_floor"/>
               <componentref id = "balcony_side_l"/>
               <componentref id = "balcony_side_r"/>
               <componentref id = "balcony_front"/>
               <componentref id = "balcony_back"/>
            </children>
        </component>
       




       <!-- escultura // Boneco Michelin -->

        <component id = "leg_0">
            <transformation>
                <scale x = "0.15" y = "0.15" z = "0.15" />
                <translate x="2.5" y="1" z = "2.5"/>
            <rotate axis="x" angle="-90"/>
            </transformation>
             <materials>
                <material id="demoMaterial" />
            </materials>
            <texture id="snowTex"/>
            <children>
                <primitiveref id = "torus" />
            </children>
        </component>
        <component id = "leg_1">
            <transformation>
                <scale x = "0.17" y = "0.2" z = "0.17" />
                <translate x="2.3" y="1.6" z = "2.3"/>
            <rotate axis="x" angle="-90"/>
            </transformation>
             <materials>
                <material id="demoMaterial" />
            </materials>
            <texture id="snowTex"/>
            <children>
                <primitiveref id = "torus" />
            </children>
        </component>

        <component id = "leg_2">
            <transformation>
                <scale x = "0.2" y = "0.2" z = "0.2" />
                <translate x="2" y="2.4" z = "2"/>
            <rotate axis="x" angle="-90"/>
            </transformation>
             <materials>
                <material id="demoMaterial" />
            </materials>
            <texture id="snowTex"/>
            <children>
                <primitiveref id = "torus" />
            </children>
        </component>
        <component id = "leg_3">
            <transformation>
                <scale x = "0.2" y = "0.2" z = "0.2" />
                <translate x="2" y="3.1" z = "2"/>
            <rotate axis="x" angle="-90"/>
            </transformation>
             <materials>
                <material id="demoMaterial" />
            </materials>
            <texture id="snowTex"/>
            <children>
                <primitiveref id = "torus" />
            </children>
        </component>
          <component id = "leg_4">
            <transformation>
                <scale x = "0.2" y = "0.2" z = "0.2" />
                <translate x="2" y="3.8" z = "2"/>
            <rotate axis="x" angle="-90"/>
            </transformation>
             <materials>
                <material id="demoMaterial" />
            </materials>
            <texture id="snowTex"/>
            <children>
                <primitiveref id = "torus" />
            </children>
        </component>
        <component id = "leg_5">
            <transformation>
                <scale x = "0.3" y = "0.3" z = "0.3" />
                <translate x="1.4" y="3.3" z = "1.7"/>
            <rotate axis="x" angle="-90"/>
            </transformation>
             <materials>
                <material id="demoMaterial" />
            </materials>
            <texture id="snowTex"/>
            <children>
                <primitiveref id = "torus" />
            </children>
        </component>

        <component id = "body_0">
            <transformation>
                <scale x = "0.65" y = "0.5" z = "0.4" />
                <translate x="1.4" y="2.5" z = "1"/>
            <rotate axis="x" angle="-90"/>
            </transformation>
             <materials>
                <material id="demoMaterial" />
            </materials>
            <texture id="snowTex"/>
            <children>
                <primitiveref id = "torus" />
            </children>
        </component>
 
        <component id = "body_1">
            <transformation>
                <scale x = "0.65" y = "0.5" z = "0.4" />
                <translate x="1.4" y="3.3" z = "1"/>
            <rotate axis="x" angle="-90"/>
            </transformation>
             <materials>
                <material id="demoMaterial" />
            </materials>
            <texture id="snowTex"/>
            <children>
                <primitiveref id = "torus" />
            </children>
        </component> 
        
        <component id = "body_2">
            <transformation>
                <scale x = "0.6" y = "0.5" z = "0.4" />
                <translate x="1.5" y="4" z = "1"/>
            <rotate axis="x" angle="-90"/>
            </transformation>
             <materials>
                <material id="demoMaterial" />
            </materials>
            <texture id="snowTex"/>
            <children>
                <primitiveref id = "torus" />
            </children>
        </component> 
        
        <component id = "body_3">
            <transformation>
                <scale x = "0.55" y = "0.7" z = "0.4" />
                <translate x="1.7" y="3.3" z = "1"/>
            <rotate axis="x" angle="-90"/>
            </transformation>
             <materials>
                <material id="demoMaterial" />
            </materials>
            <texture id="snowTex"/>
            <children>
                <primitiveref id = "torus" />
            </children>
        </component>

         <component id = "head">
            <transformation>
                <scale x = "0.5" y = "0.4" z = "0.4" />
                <translate x="1.9" y="7" z = "1.2"/>
            </transformation>
             <materials>
                <material id="demoMaterial" />
            </materials>
            <texture id="snowTex"/>
            <children>
                <primitiveref id = "sphere" />
            </children>
        </component>
        
        <component id = "head2">
            <transformation>
                <scale x = "0.4" y = "0.4" z = "0.4" />
                <translate x="2.4" y="8" z = "1.2"/>
            </transformation>
             <materials>
                <material id="demoMaterial" />
            </materials>
            <texture id="snowTex"/>
            <children>
                <primitiveref id = "sphere" />
            </children>
        </component>

        
        <component id = "arm_0">
            <transformation>
                <rotate axis="z" angle="-130"/>
                <scale x = "0.3" y = "0.4" z = "0.3" />
                <translate x="-0.7" y="3.2" z = "1.5"/>
            <rotate axis="x" angle="-90"/>
            </transformation>
             <materials>
                <material id="demoMaterial" />
            </materials>
            <texture id="snowTex"/>
            <children>
                <primitiveref id = "torus" />
            </children>
        </component>
        <component id = "arm_1">
            <transformation>
                <rotate axis="z" angle="45"/>
                <scale x = "0.3" y = "0.5" z = "0.3" />
                <translate x="1.2" y="-2" z = "1.5"/>
            <rotate axis="x" angle="-90"/>
            </transformation>
             <materials>
                <material id="demoMaterial" />
            </materials>
            <texture id="snowTex"/>
            <children>
                <primitiveref id = "torus" />
            </children>
        </component>
        <component id = "arm_2">
            <transformation>
                <rotate axis="z" angle="45"/>
                <scale x = "0.25" y = "0.45" z = "0.25" />
                <translate x="1.6" y="-1.6" z = "1.7"/>
            <rotate axis="x" angle="-90"/>
            </transformation>
             <materials>
                <material id="demoMaterial" />
            </materials>
            <texture id="snowTex"/>
            <children>
                <primitiveref id = "torus" />
            </children>
        </component>
       
        <component id = "arm_3">
            <transformation>
                <rotate axis="z" angle="45"/>
                <scale x = "0.2" y = "0.4" z = "0.2" />
                <translate x="1.9" y="-1.1" z = "2"/>
            <rotate axis="x" angle="-90"/>
            </transformation>
             <materials>
                <material id="demoMaterial" />
            </materials>
            <texture id="snowTex"/>
            <children>
                <primitiveref id = "torus" />
            </children>
        </component>
        
        <component id = "hand">
            <transformation>
                <scale x = "0.2" y = "0.2" z = "0.2" />
                <translate x="1.9" y="1" z = "2"/>
            </transformation>
             <materials>
                <material id="demoMaterial" />
            </materials>
            <texture id="snowTex"/>
            <children>
                <primitiveref id = "sphere" />
            </children>
        </component>
        <component id = "arm_l">
            <transformation>
                <translate x="-1" y="3" z = "0"/>
                <!-- <rotate axis="z" angle="-90"/> -->
            </transformation>
             <materials>
                <material id="demoMaterial" />
            </materials>
            <texture id="none"/>
            <children>
                <componentref id = "arm_0" />
                <componentref id = "arm_1" />
                <componentref id = "arm_2" />
                <componentref id = "arm_3" />
                <componentref id = "hand" />
            </children>
        </component>
        
        <component id = "arm_r">
            <transformation>
                <translate x="2.7" y="1.5" z = "0"/>
                <rotate axis="z" angle="180"/>
            </transformation>
             <materials>
                <material id="demoMaterial" />
            </materials>
            <texture id="none"/>
            <children>
                <componentref id = "arm_0" />
                <componentref id = "arm_1" />
                <componentref id = "arm_2" />
                <componentref id = "arm_3" />
                <componentref id = "hand" />
            </children>
        </component>

         <component id = "leg1">
            <transformation>
            </transformation>
             <materials>
                <material id="demoMaterial" />
            </materials>
            <texture id="none"/>
            <children>
                <componentref id = "leg_0" />
                <componentref id = "leg_1" />
                <componentref id = "leg_2" />
                <componentref id = "leg_3" />
                <componentref id = "leg_4" />
                <componentref id = "leg_5" />
            </children>
        </component>
         
          
         <component id = "leg2">
            <transformation>
             <translate x="1" y="0" z = "0"/>
            </transformation>
             <materials>
                <material id="demoMaterial" />
            </materials>
            <texture id="none"/>
            <children>
                <componentref id = "leg_0" />
                <componentref id = "leg_1" />
                <componentref id = "leg_2" />
                <componentref id = "leg_3" />
                <componentref id = "leg_4" />
                <componentref id = "leg_5" />
            </children>
        </component>
        
           <component id = "body">
            <transformation>
            </transformation>
             <materials>
                <material id="demoMaterial" />
            </materials>
            <texture id="snowTex"/>
            <children>
                 <componentref id = "body_0" />
                 <componentref id = "body_1" />
                 <componentref id = "body_2" />
                 <componentref id = "body_3" />
                 <componentref id = "head" />
                 <componentref id = "head2" />
            </children>
        </component>

         <component id = "sculp">
            <transformation>
             <translate x="-10" y="0" z = "-6"/>
            </transformation>
             <materials>
                <material id="demoMaterial" />
            </materials>
            <texture id="none"/>
            <children>
                <componentref id = "leg1" />
                <componentref id = "leg2" />
                <componentref id = "body" />
                <componentref id = "arm_l" />
                <componentref id = "arm_r" />
            </children>
        </component>
        
        
        
        <component id = "farol_top">
            <transformation>
             <translate x="0" y="6" z = "0"/>
             <!-- <scale x="0.1" y="0.1" z="0.1"/> -->
            <rotate axis="x" angle="-90"/>
            </transformation>
             <materials>
                <material id="demoMaterial" />
            </materials>
            <texture id="demoTexture"/>
            <children>
                <primitiveref id = "torus"/>
            </children>
        </component>

        <component id = "farol_trunk">
            <transformation>
            <!-- <translate x="-8" y="0" z = "2"/> -->
            <scale x= "1" y="3" z="1"/>
            <rotate axis="x" angle="-90"/>
            </transformation>
             <materials>
                <material id="demoMaterial" />
            </materials>
            <texture id="demoTexture"/>
            <children>
                <primitiveref id = "cylinder"/>
            </children>
        </component>

          <component id = "farol">
            <transformation>
                <!-- <translate x="-8" y="0" z = "2"/> -->
            </transformation>
             <materials>
                <material id="demoMaterial" />
            </materials>
            <texture id="demoTexture"/>
            <children>
                <componentref id="farol_top" />
                <componentref id = "farol_trunk"/>
            </children>
        </component>





<!-- car -->
        <component id = "wheel_1">
              <transformation>
                <translate x="-7" y="0" z = "0.3"/>
                <rotate axis="y" angle="-90"/>
                <scale x = "0.1" y = "0.1" z = "0.1" />
                <translate x="0" y="1.5" z = "0"/>
            </transformation>
             <materials>
                <material id="demoMaterial" />
            </materials>
            <texture id="demoTexture"/>
            <children>
                <primitiveref id = "torus" />
            </children>
        </component>
        <component id = "wheel_2">
              <transformation>
                <translate x="-6" y="0" z = "0.3"/>
                <rotate axis="y" angle="-90"/>
                <scale x = "0.1" y = "0.1" z = "0.1" />
                <translate x="0" y="1.5" z = "0"/>
            </transformation>
             <materials>
                <material id="demoMaterial" />
            </materials>
            <texture id="demoTexture"/>
            <children>
                <primitiveref id = "torus" />
            </children>
        </component>
         <component id = "wheel_3">
              <transformation>
                <translate x="-7" y="0" z = "1.7"/>
                <rotate axis="y" angle="-90"/>
                <scale x = "0.1" y = "0.1" z = "0.1" />
                <translate x="0" y="1.5" z = "0"/>
            </transformation>
             <materials>
                <material id="demoMaterial" />
            </materials>
            <texture id="demoTexture"/>
            <children>
                <primitiveref id = "torus" />
            </children>
        </component>
         <component id = "wheel_4">
              <transformation>
                <translate x="-6" y="0" z = "1.7"/>
                <rotate axis="y" angle="-90"/>
                <scale x = "0.1" y = "0.1" z = "0.1" />
                <translate x="0" y="1.5" z = "0"/>
            </transformation>
             <materials>
                <material id="demoMaterial" />
            </materials>
            <texture id="demoTexture"/>
            <children>
                <primitiveref id = "torus" />
            </children>
        </component>
        <component id = "base_car">
              <transformation>
                <translate x="-7" y="0.45" z = "1"/>
                <rotate axis="y" angle="-90"/>
                <rotate axis="z" angle="-90"/>
                <scale x = "0.3" y = "1" z = "0.6" />
            </transformation>
             <materials>
                <material id="demoMaterial" />
            </materials>
            <texture id="car_side"/>
            <children>
                <primitiveref id = "rectangle" />
            </children>
        </component>
        <component id = "bass_car">
              <transformation>
                <translate x="-6" y="0.45" z = "1"/>
                <rotate axis="y" angle="-90"/>
                <rotate axis="z" angle="-90"/>
                <scale x = "0.3" y = "1" z = "0.6" />
            </transformation>
             <materials>
                <material id="demoMaterial" />
            </materials>
            <texture id="car_side"/>
            <children>
                <primitiveref id = "rectangle" />
            </children>
        </component>
        <component id = "support_car">
              <transformation>
                <translate x="-6.5" y="0.3" z = "1"/>
                <rotate axis="x" angle="-90"/>
                <scale x = "1" y = "1" z = "0.6" />
            </transformation>
             <materials>
                <material id="demoMaterial" />
            </materials>
            <texture id="demoTexture"/>
            <children>
                <primitiveref id = "rectangle" />
            </children>
        </component>
         <component id = "roof_car">
              <transformation>
                <translate x="-6.5" y="0.8" z = "0.65"/>
                <rotate axis="x" angle="-90"/>
                <scale x = "1" y = "0.25" z = "0.6" />
            </transformation>
             <materials>
                <material id="demoMaterial" />
            </materials>
            <texture id="car_roof"/>
            <children>
                <primitiveref id = "rectangle" />
            </children>
        </component>
         <component id = "frontb_car">
              <transformation>
                <translate x="-6.5" y="0.45" z = "2"/>
                <rotate axis="z" angle="-90"/>
                <scale x = "0.3" y = "0.5" z = "0.6" />
            </transformation>
             <materials>
                <material id="demoMaterial" />
            </materials>
            <texture id="car_front"/>
            <children>
                <primitiveref id = "rectangle" />
            </children>
        </component>
         <component id = "backb_car">
              <transformation>
                <translate x="-6.5" y="0.45" z = "0"/>
                <rotate axis="z" angle="-90"/>
                <scale x = "0.3" y = "0.5" z = "0.6" />
            </transformation>
             <materials>
                <material id="demoMaterial" />
            </materials>
            <texture id="car_back"/>
            <children>
                <primitiveref id = "rectangle" />
            </children>
        </component>
        <component id = "windshield">
              <transformation>
                <translate x="-6.5" y="0.68" z = "0.2"/>
                <rotate axis="z" angle="-90"/>
                <rotate axis="y" angle="60"/>
                <scale x = "0.48" y = "0.5" z = "0.5" />
            </transformation>
             <materials>
                <material id="demoMaterial" />
            </materials>
            <texture id="demoTexture"/>
            <children>
                <primitiveref id = "rectangle" />
            </children>
        </component>
        <component id = "leftwindshield">
              <transformation>
                <translate x="-6" y="0.6" z = "0.4"/>
                <rotate axis="y" angle="-90"/>
                <rotate axis="z" angle="90"/>
                <scale x = "0.4" y = "0.4" z = "0.5" />
            </transformation>
             <materials>
                <material id="demoMaterial" />
            </materials>
            <texture id="demoTexture"/>
            <children>
                <primitiveref id = "rectriangle" />
            </children>
        </component>
        <component id = "rightwindshield">
              <transformation>
                <translate x="-7" y="0.6" z = "0.4"/>
                <rotate axis="y" angle="-90"/>
                <rotate axis="z" angle="90"/>
                <scale x = "0.4" y = "0.4" z = "0.5" />
            </transformation>
             <materials>
                <material id="demoMaterial" />
            </materials>
            <texture id="demoTexture"/>
            <children>
                <primitiveref id = "rectriangle" />
            </children>
        </component>
        <component id = "rearshield">
              <transformation>
                <translate x="-6.5" y="0.75" z = "1.75"/>
                <rotate axis="z" angle="-90"/>
                <rotate axis="y" angle="-60"/>
                <scale x = "0.6" y = "0.5" z = "0.5" />
            </transformation>
             <materials>
                <material id="demoMaterial" />
            </materials>
            <texture id="demoTexture"/>
            <children>
                <primitiveref id = "rectangle" />
            </children>
        </component>
          <component id = "cover">
              <transformation>
                <translate x="-6.5" y="0.71" z = "0.94"/>
                <rotate axis="z" angle="-90"/>
                <rotate axis="y" angle="-20"/>
                <scale x = "0.2" y = "0.5" z = "0.5" />
            </transformation>
             <materials>
                <material id="demoMaterial" />
            </materials>
            <texture id="demoTexture"/>
            <children>
                <primitiveref id = "rectangle" />
            </children>
        </component>

        <component id = "side_top_car">
              <transformation>
                <translate x="-6" y="0.7" z = "0.65"/>
                <rotate axis="y" angle="-90"/>
                <rotate axis="z" angle="-90"/>
                <scale x = "0.2" y = "0.25" z = "0.6" />
            </transformation>
             <materials>
                <material id="demoMaterial" />
            </materials>
            <texture id="back_window"/>
            <children>
                <primitiveref id = "rectangle" />
            </children>
        </component>
        <component id = "side_top_rcar">
              <transformation>
                <translate x="-7" y="0.7" z = "0.65"/>
                <rotate axis="y" angle="-90"/>
                <rotate axis="z" angle="-90"/>
                <scale x = "0.2" y = "0.25" z = "0.6" />
            </transformation>
             <materials>
                <material id="demoMaterial" />
            </materials>
            <texture id="back_window"/>
            <children>
                <primitiveref id = "rectangle" />
            </children>
        </component>
        <component id = "driverSeat_back">
              <transformation>
                <translate x="-6.2" y="0.7" z = "1.3"/>
                <scale x = "0.25" y = "0.15" z = "0.5" />
            </transformation>
             <materials>
                <material id="inherit" />
            </materials>
            <texture id="inherit"/>
            <children>
                <primitiveref id = "rectangle" />
            </children>
        </component>
         <component id = "driverSeat_seat">
              <transformation>
                <translate x="-6.2" y="0.55" z = "1.4"/>
                <rotate axis="z" angle="-90"/>
                <rotate axis="y" angle="-90"/>
                <scale x = "0.2" y = "0.1" z = "0.5" />
            </transformation>
             <materials>
                <material id="inherit" />
            </materials>
            <texture id="inherit"/>
            <children>
                <primitiveref id = "rectangle" />
            </children>
        </component>
         <component id = "driverSeat">
              <transformation>
            </transformation>
             <materials>
                <material id="demoMaterial" />
            </materials>
            <texture id="houseWall"/>
            <children>
                <componentref id = "driverSeat_back"/>
                <componentref id = "driverSeat_seat"/>
            </children>
        </component>
         <component id = "passengerSeat">
              <transformation>
                <translate x="-0.5" y="0" z = "0"/>
            </transformation>
             <materials>
                <material id="demoMaterial" />
            </materials>
            <texture id="houseWall"/>
            <children>
                <componentref id = "driverSeat_back"/>
                <componentref id = "driverSeat_seat"/>
            </children>
        </component>
        <component id = "car">
              <transformation>
                <translate x="43" y="0" z = "5"/>
                <rotate axis="y" angle="-15"/>
            </transformation>
             <materials>
                <material id="demoMaterial" />
            </materials>
            <texture id="demoTexture"/>
            <children>
                <componentref id = "wheel_1" />
                <componentref id = "wheel_2" />
                <componentref id = "wheel_3" />
                <componentref id = "wheel_4" />
                <componentref id = "base_car" />
                <componentref id = "bass_car" />
                <componentref id = "support_car" />
                <componentref id = "roof_car" />
                <componentref id = "frontb_car" />
                <componentref id = "backb_car" />
                <componentref id = "windshield" />
                <componentref id = "rearshield" />
                <componentref id = "leftwindshield"/>
                <componentref id = "rightwindshield"/>
                <componentref id = "driverSeat"/>
                <componentref id = "passengerSeat" />
                <componentref id = "cover" />
                <componentref id = "side_top_car" />
                <componentref id = "side_top_rcar" />

            </children>
        </component>
          <component id = "car2">
              <transformation>
                <translate x="30" y="0" z = "20"/>
                <rotate axis="y" angle="-50"/>
            </transformation>
             <materials>
                <material id="demoMaterial" />
            </materials>
            <texture id="demoTexture"/>
            <children>
                <componentref id = "wheel_1" />
                <componentref id = "wheel_2" />
                <componentref id = "wheel_3" />
                <componentref id = "wheel_4" />
                <componentref id = "base_car" />
                <componentref id = "bass_car" />
                <componentref id = "support_car" />
                <componentref id = "roof_car" />
                <componentref id = "frontb_car" />
                <componentref id = "backb_car" />
                <componentref id = "windshield" />
                <componentref id = "rearshield" />
                <componentref id = "leftwindshield"/>
                <componentref id = "rightwindshield"/>
                <componentref id = "driverSeat"/>
                <componentref id = "cover" />
                <componentref id = "passengerSeat" />
                <componentref id = "side_top_car" />
                <componentref id = "side_top_rcar" />
            </children>
        </component>
          <component id = "car3">
              <transformation>
                <translate x="32" y="0" z = "20"/>
                <rotate axis="y" angle="-50"/>
            </transformation>
             <materials>
                <material id="demoMaterial" />
            </materials>
            <texture id="demoTexture"/>
            <children>
                <componentref id = "wheel_1" />
                <componentref id = "wheel_2" />
                <componentref id = "wheel_3" />
                <componentref id = "wheel_4" />
                <componentref id = "base_car" />
                <componentref id = "bass_car" />
                <componentref id = "support_car" />
                <componentref id = "roof_car" />
                <componentref id = "frontb_car" />
                <componentref id = "backb_car" />
                <componentref id = "windshield" />
                <componentref id = "rearshield" />
                <componentref id = "leftwindshield"/>
                <componentref id = "rightwindshield"/>
                <componentref id = "driverSeat"/>
                <componentref id = "passengerSeat" />
                <componentref id = "cover" />
                <componentref id = "side_top_car" />
                <componentref id = "side_top_rcar" />
            </children>
        </component>
          <component id = "car4">
              <transformation>
                <translate x="35" y="0" z = "15"/>
                <rotate axis="y" angle="-40"/>
            </transformation>
             <materials>
                <material id="demoMaterial" />
            </materials>
            <texture id="demoTexture"/>
            <children>
                <componentref id = "wheel_1" />
                <componentref id = "wheel_2" />
                <componentref id = "wheel_3" />
                <componentref id = "wheel_4" />
                <componentref id = "base_car" />
                <componentref id = "bass_car" />
                <componentref id = "support_car" />
                <componentref id = "roof_car" />
                <componentref id = "frontb_car" />
                <componentref id = "backb_car" />
                <componentref id = "windshield" />
                <componentref id = "rearshield" />
                <componentref id = "leftwindshield"/>
                <componentref id = "rightwindshield"/>
                <componentref id = "driverSeat"/>
                <componentref id = "passengerSeat" />
                <componentref id = "cover" />
                <componentref id = "side_top_car" />
                <componentref id = "side_top_rcar" />
            </children>
        </component>
        <component id = "car5">
              <transformation>
                <translate x="40" y="0" z = "10"/>
                <rotate axis="y" angle="-30"/>
            </transformation>
             <materials>
                <material id="demoMaterial" />
            </materials>
            <texture id="demoTexture"/>
            <children>
                <componentref id = "wheel_1" />
                <componentref id = "wheel_2" />
                <componentref id = "wheel_3" />
                <componentref id = "wheel_4" />
                <componentref id = "base_car" />
                <componentref id = "bass_car" />
                <componentref id = "frontb_car" />
                <componentref id = "support_car" />
                <componentref id = "roof_car" />
                <componentref id = "backb_car" />
                <componentref id = "windshield" />
                <componentref id = "rearshield" />
                <componentref id = "leftwindshield"/>
                <componentref id = "rightwindshield"/>
                <componentref id = "driverSeat"/>
                <componentref id = "passengerSeat" />
                <componentref id = "cover" />
                <componentref id = "side_top_car" />
                <componentref id = "side_top_rcar" />
            </children>
        </component>
           <component id = "car6">
              <transformation>
                <translate x="42" y="0" z = "0"/>
            </transformation>
             <materials>
                <material id="demoMaterial" />
            </materials>
            <texture id="demoTexture"/>
            <children>
                <componentref id = "wheel_1" />
                <componentref id = "wheel_2" />
                <componentref id = "wheel_3" />
                <componentref id = "wheel_4" />
                <componentref id = "base_car" />
                <componentref id = "bass_car" />
                <componentref id = "support_car" />
                <componentref id = "frontb_car" />
                <componentref id = "roof_car" />
                <componentref id = "backb_car" />
                <componentref id = "windshield" />
                <componentref id = "rearshield" />
                <componentref id = "leftwindshield"/>
                <componentref id = "rightwindshield"/>
                <componentref id = "driverSeat"/>
                <componentref id = "passengerSeat" />
                <componentref id = "cover" />
                <componentref id = "side_top_car" />
                <componentref id = "side_top_rcar" />
            </children>
        </component>

        <component id = "car7">
              <transformation>
                <translate x="40" y="0" z = "-10"/>
            </transformation>
             <materials>
                <material id="demoMaterial" />
            </materials>
            <texture id="demoTexture"/>
            <children>
                <componentref id = "wheel_1" />
                <componentref id = "wheel_2" />
                <componentref id = "wheel_3" />
                <componentref id = "wheel_4" />
                <componentref id = "base_car" />
                <componentref id = "bass_car" />
                <componentref id = "support_car" />
                <componentref id = "frontb_car" />
                <componentref id = "roof_car" />
                <componentref id = "backb_car" />
                <componentref id = "windshield" />
                <componentref id = "rearshield" />
                <componentref id = "leftwindshield"/>
                <componentref id = "rightwindshield"/>
                <componentref id = "driverSeat"/>
                <componentref id = "passengerSeat" />
                <componentref id = "cover" />
                <componentref id = "side_top_car" />
                <componentref id = "side_top_rcar" />
            </children>
        </component>

          <component id = "stand">
              <transformation>
            </transformation>
             <materials>
                <material id="demoMaterial" />
            </materials>
            <texture id="demoTexture"/>
            <children>
                <componentref id = "car" />
                <componentref id = "car2" />
                <componentref id = "car3" />
                <componentref id = "car4" />
                <componentref id = "car5" />
                <componentref id = "car6" />
                <componentref id = "car7" />
            </children>
        </component>

        <component id = "back_truck_side_l">
              <transformation>
                <rotate axis="y" angle="90"/>
                <rotate axis="y" angle="180"/>
                <scale x="5" y="0.5" z="1"/>
                <translate x="-1" y="1" z="0"/>
            </transformation>
             <materials>
                <material id="demoMaterial" />
            </materials>
            <texture id="inherit"/>
            <children>
                <primitiveref id= "rectangle" />
            </children>
        </component>

         <component id = "back_truck_side_r">
              <transformation>
                <rotate axis="y" angle="90"/>
                <scale x="5" y="0.5" z="1"/>
                <translate x="1" y="1" z="1"/>
            </transformation>
             <materials>
                <material id="demoMaterial" />
            </materials>
            <texture id="inherit"/>
            <children>
                <primitiveref id= "rectangle" />
            </children>
        </component>
         
         <component id = "back_truck_back">
              <transformation>
                <scale x="1" y="0.5" z="1"/>
                <translate x="0.5" y="1" z="-2.5"/>
            </transformation>
             <materials>
                <material id="demoMaterial" />
            </materials>
            <texture id="truck_top"/>
            <children>
                <primitiveref id= "rectangle" />
            </children>
        </component>
        
        <component id = "back_truck_front">
              <transformation>
                <scale x="1" y="0.5" z="1"/>
                <translate x="0.5" y="1" z="-7.5"/>
            </transformation>
             <materials>
                <material id="demoMaterial" />
            </materials>
            <texture id="truck_top"/>
            <children>
                <primitiveref id= "rectangle" />
            </children>
        </component>
        
          <component id = "back_truck_top">
              <transformation>
                <rotate axis="z" angle="90"/>
                <rotate axis="y" angle="90"/>
                <scale x="5" y="0.5" z="1"/>
                <translate x="1" y="-1" z="1"/>
            </transformation>
             <materials>
                <material id="demoMaterial" />
            </materials>
            <texture id="truck_top"/>
            <children>
                <primitiveref id= "rectangle" />
            </children>
        </component>

          <component id = "trailer_connector">
              <transformation>
                <!-- <rotate axis="z" angle="90"/> -->
                <!-- <rotate axis="y" angle="90"/> -->
                <rotate axis="x" angle="90"/>
                <scale x="0.2" y="0.15" z="1"/>
                <translate x="2.5" y="-52" z="-0.05"/>
            </transformation>
             <materials>
                <material id="demoMaterial" />
            </materials>
            <texture id="truck_top"/>
            <children>
                <primitiveref id= "triangle" />
            </children>
        </component>
        
          <component id = "truck_connector">
              <transformation>
                <!-- <rotate axis="z" angle="90"/> -->
                <!-- <rotate axis="y" angle="90"/> -->
                <rotate axis="x" angle="90"/>
                <scale x="0.05" y="0.05" z="0.05"/>
                <translate x="9" y="-155" z="-3.2"/>
            </transformation>
             <materials>
                <material id="demoMaterial" />
            </materials>
            <texture id="truck_top"/>
            <children>
                <primitiveref id="cylinder"/>
                <primitiveref id="torus"/>
            </children>
        </component>

        <component id = "connector">
              <transformation>
                <scale x="0.1" y="0.05" z="0.2"/>
                <translate x="4.5" y="3.2" z="-38.5"/>
            </transformation>
             <materials>
                <material id="demoMaterial" />
            </materials>
            <texture id="truck_top"/>
            <children>
                <primitiveref id="cylinder"/>
            </children>
        </component>

        <component id = "front_truck_back">
              <transformation>
                <scale x="1" y="0.5" z="1"/>
                <translate x="0.5" y="1" z="-7.8"/>
            </transformation>
             <materials>
                <material id="demoMaterial" />
            </materials>
            <texture id="truck_top"/>
            <children>
                <primitiveref id= "rectangle" />
            </children>
        </component>

        <component id = "front_truck_front">
            <transformation>    
                <translate x="0.5" y="0.55" z="-8.5"/>
                <rotate axis="x" angle="-90"/>
                <rotate axis="z" angle="-90"/>
                <scale x="0.5" y="0.5" z="0.5"/>
            </transformation>
             <materials>
                <material id="demoMaterial" />
            </materials>
            <texture id="demoTexture"/>
            <children>
                <primitiveref id= "sphere" />
            </children>
        </component>

        <component id = "front_truck_side_r">
              <transformation>
                <rotate axis="y" angle="90"/>
                <scale x="0.6" y="0.5" z="1"/>
                <translate x="13.5" y="1" z="1"/>
            </transformation>
             <materials>
                <material id="demoMaterial" />
            </materials>
            <texture id="inherit"/>
            <children>
                <primitiveref id= "rectangle" />
            </children>
        </component>
        
        <component id = "front_truck_side_l">
              <transformation>
                <rotate axis="y" angle="90"/>
                <scale x="0.6" y="0.5" z="1"/>
                <translate x="13.5" y="1" z="0"/>
            </transformation>
             <materials>
                <material id="demoMaterial" />
            </materials>
            <texture id="inherit"/>
            <children>
                <primitiveref id= "rectangle" />
            </children>
        </component>

        <component id = "front_truck_top">
              <transformation>
                <rotate axis="z" angle="90"/>
                <rotate axis="y" angle="90"/>
                <scale x="0.6" y="0.5" z="1"/>
                <translate x="13.5" y="-1" z="1"/>
            </transformation>
             <materials>
                <material id="demoMaterial" />
            </materials>
            <texture id="truck_top"/>
            <children>
                <primitiveref id= "rectangle" />
            </children>
        </component>

        
        <component id = "front_truck_ft">
              <transformation>
                <rotate axis="z" angle="90"/>
                <rotate axis="y" angle="90"/>
                <scale x="0.35" y="0.5" z="1"/>
                <translate x="25.5" y="-1" z="0.7"/>
            </transformation>
             <materials>
                <material id="demoMaterial" />
            </materials>
            <texture id="truck_top"/>
            <children>
                <primitiveref id= "rectangle" />
            </children>
        </component>


        <component id = "front_truck_side_br">
              <transformation>
                <rotate axis="y" angle="90"/>
                <scale x="1.15" y="0.15" z="1"/>
                <translate x="7.8" y="1" z="1"/>
            </transformation>
             <materials>
                <material id="demoMaterial" />
            </materials>
            <texture id="inherit"/>
            <children>
                <primitiveref id= "rectangle" />
            </children>
        </component>
        
        <component id = "front_truck_side_bl">
              <transformation>
                <rotate axis="y" angle="90"/>
                <scale x="1.15" y="0.15" z="1"/>
                <translate x="7.8" y="1" z="0"/>
            </transformation>
             <materials>
                <material id="demoMaterial" />
            </materials>
            <texture id="inherit"/>
            <children>
                <primitiveref id= "rectangle" />
            </children>
        </component>

        <component id = "front_truck_bottom">
             <transformation>
                <scale x="1" y="0.15" z="1"/>
                <translate x="0.5" y="1" z="-9.55"/>
            </transformation>
             <materials>
                <material id="demoMaterial" />
            </materials>
            <texture id="truck_front_front"/>
            <children>
                <primitiveref id= "rectangle" />
            </children>
        </component>

          <component id = "front_truck_semi_bottom">
             <transformation>
                <rotate axis="x" angle="49"/>
                <rotate axis="z" angle="90"/>
                <scale x="0.6" y="0.5" z="1"/>
                <translate x="-11.18" y="-1" z="-6.5"/>
            </transformation>
             <materials>
                <material id="demoMaterial" />
            </materials>
            <texture id="truck_top"/>
            <children>
                <primitiveref id= "rectangle" />
            </children>
        </component>

        <component id = "front_truck_triangle_l">
              <transformation>
                <translate x="0" y="0.3" z = "-9.1"/>
                <rotate axis="y" angle="-90"/>
                <rotate axis="z" angle="90"/>
                <scale x = "0.52" y = "0.57" z = "0.8" />
            </transformation>
             <materials>
                <material id="demoMaterial" />
            </materials>
            <texture id="truck_top"/>
            <children>
                <primitiveref id = "rectriangle2" />
            </children>
        </component>
        
         <component id = "front_truck_triangle_r">
              <transformation>
                <translate x="1" y="0.3" z = "-9.1"/>
                <rotate axis="y" angle="-90"/>
                <rotate axis="z" angle="90"/>
                <scale x = "0.52" y = "0.57" z = "0.8" />
            </transformation>
             <materials>
                <material id="demoMaterial" />
            </materials>
            <texture id="truck_top"/>
            <children>
                <primitiveref id = "rectriangle2" />
            </children>
        </component>

        <component id = "front_truck_side_tl">
              <transformation>
                <rotate axis="y" angle="90"/>
                <scale x="0.7" y="0.2" z="1"/>
                <translate x="12.5" y="2.5" z="0"/>
            </transformation>
             <materials>
                <material id="demoMaterial" />
            </materials>
            <texture id="inherit"/>
            <children>
                <primitiveref id= "rectangle" />
            </children>
        </component>

          <component id = "front_truck_side_tr">
              <transformation>
                <rotate axis="y" angle="90"/>
                <scale x="0.7" y="0.2" z="-1"/>
                <translate x="12.5" y="2.5" z="-1"/>
            </transformation>
             <materials>
                <material id="demoMaterial" />
            </materials>
            <texture id="inherit"/>
            <children>
                <primitiveref id= "rectangle" />
            </children>
        </component>

        <component id = "truck_structure">
              <transformation>
                <translate x="0" y="0.2" z="0"/>
            </transformation>
             <materials>
                <material id="demoMaterial" />
            </materials>
            <texture id="inherit"/>
            <children>
                <componentref id = "back_truck_side_l"/>
                <componentref id = "back_truck_back"/>
                <componentref id = "back_truck_front"/>
                <componentref id = "back_truck_side_r"/>
                <componentref id = "back_truck_top"/>
                <componentref id = "trailer_connector"/>
                <componentref id = "truck_connector"/>
                <componentref id = "connector"/>
                <componentref id = "front_truck_front"/>
                <componentref id = "front_truck_back"/>
                <componentref id = "front_truck_side_r"/>
                <componentref id = "front_truck_side_l"/>
                <componentref id = "front_truck_top"/>
                <componentref id = "front_truck_side_br"/>
                <componentref id = "front_truck_side_bl"/>
                <componentref id = "front_truck_bottom"/>
                <componentref id = "front_truck_semi_bottom"/>
                <componentref id = "front_truck_triangle_l"/>
                <componentref id = "front_truck_triangle_r"/>
                <componentref id = "front_truck_side_tl"/>
                <componentref id = "front_truck_side_tr"/>
                <componentref id = "front_truck_ft"/>
             </children>
        </component>

        
        <component id = "truck_wheels">
              <transformation>
                <translate x="7" y="0" z="-9.7"/>
            </transformation>
             <materials>
                <material id="demoMaterial" />
            </materials>
            <texture id="none"/>
            <children>
                <componentref id = "wheel_1"/>
                <componentref id = "wheel_2"/>
                <componentref id = "wheel_3"/>
                <componentref id = "wheel_4"/>

             </children>
        </component>

           
        <component id = "trailer_front_wheels">
              <transformation>
                <translate x="7" y="0" z="-7.5"/>
            </transformation>
             <materials>
                <material id="demoMaterial" />
            </materials>
            <texture id="none"/>
            <children>
                <componentref id = "wheel_1"/>
                <componentref id = "wheel_2"/>
                <componentref id = "wheel_3"/>
                <componentref id = "wheel_4"/>
             </children>
        </component>

        <component id = "trailer_rear_wheels">
              <transformation>
                <translate x="7" y="0" z="-4.5"/>
            </transformation>
             <materials>
                <material id="demoMaterial" />
            </materials>
            <texture id="none"/>
            <children>
                <componentref id = "wheel_1"/>
                <componentref id = "wheel_2"/>
                <componentref id = "wheel_3"/>
                <componentref id = "wheel_4"/>
             </children>
        </component>

         <component id = "trailer_rearr_wheels">
              <transformation>
                <translate x="7" y="0" z="-5.5"/>
            </transformation>
             <materials>
                <material id="demoMaterial" />
            </materials>
            <texture id="none"/>
            <children>
                <componentref id = "wheel_1"/>
                <componentref id = "wheel_2"/>
                <componentref id = "wheel_3"/>
                <componentref id = "wheel_4"/>
             </children>
        </component>

        <component id = "truck1">
            <transformation>
              <translate x="0" y="0" z="12"/>
            </transformation>
             <materials>
                <material id="demoMaterial" />
            </materials>
            <texture id="truck_side"/>
            <children>
                <componentref id = "truck_wheels"/>
                <componentref id = "truck_structure"/>
                <componentref id = "trailer_front_wheels"/>
                <componentref id = "trailer_rear_wheels"/>
                <componentref id = "trailer_rearr_wheels"/>
             </children>
        </component>
        <component id = "truck2">
              <transformation>
              <translate x="2" y="0" z="12"/>
            </transformation>
             <materials>
                <material id="demoMaterial" />
            </materials>
            <texture id="truck_side1"/>
            <children>
                <componentref id = "truck_wheels"/>
                <componentref id = "truck_structure"/>
                <componentref id = "trailer_front_wheels"/>
                <componentref id = "trailer_rear_wheels"/>
                <componentref id = "trailer_rearr_wheels"/>
             </children>
        </component>
        
        <component id = "truck3">
              <transformation>
              <translate x="4" y="0" z="12"/>            
            </transformation>
             <materials>
                <material id="demoMaterial" />
            </materials>
            <texture id="truck_side2"/>
            <children>
                <componentref id = "truck_wheels"/>
                <componentref id = "truck_structure"/>
                <componentref id = "trailer_front_wheels"/>
                <componentref id = "trailer_rear_wheels"/>
                <componentref id = "trailer_rearr_wheels"/>
             </children>
        </component>

    <component id = "truck4">
              <transformation>
              <translate x="6" y="0" z="12"/>            
            </transformation>
             <materials>
                <material id="demoMaterial" />
            </materials>
            <texture id="truck_side2"/>
            <children>
                <componentref id = "truck_wheels"/>
                <componentref id = "truck_structure"/>
                <componentref id = "trailer_front_wheels"/>
                <componentref id = "trailer_rear_wheels"/>
                <componentref id = "trailer_rearr_wheels"/>
             </children>
        </component>
          
              <component id = "truck5">
              <transformation>
              <translate x="-2" y="0" z="12"/>            
            </transformation>
             <materials>
                <material id="demoMaterial" />
            </materials>
            <texture id="truck_side3_1"/>
            <children>
                <componentref id = "truck_wheels"/>
                <componentref id = "truck_structure"/>
                <componentref id = "trailer_front_wheels"/>
                <componentref id = "trailer_rear_wheels"/>
                <componentref id = "trailer_rearr_wheels"/>
             </children>
        </component>


       <component id = "truck6">
              <transformation>
              <translate x="-4" y="0" z="12"/>            
            </transformation>
             <materials>
                <material id="demoMaterial" />
            </materials>
            <texture id="truck_side3_2"/>
            <children>
                <componentref id = "truck_wheels"/>
                <componentref id = "truck_structure"/>
                <componentref id = "trailer_front_wheels"/>
                <componentref id = "trailer_rear_wheels"/>
                <componentref id = "trailer_rearr_wheels"/>
             </children>
        </component>

        <component id = "truck7">
              <transformation>
              <translate x="-6" y="0" z="12"/>            
            </transformation>
             <materials>
                <material id="demoMaterial" />
            </materials>
            <texture id="truck_side1"/>
            <children>
                <componentref id = "truck_wheels"/>
                <componentref id = "truck_structure"/>
                <componentref id = "trailer_front_wheels"/>
                <componentref id = "trailer_rear_wheels"/>
                <componentref id = "trailer_rearr_wheels"/>
             </children>
        </component>
        
        <component id = "truck8">
              <transformation>
              <translate x="-8" y="0" z="12"/>            
            </transformation>
             <materials>
                <material id="demoMaterial" />
            </materials>
            <texture id="truck_side1"/>
            <children>
                <componentref id = "truck_wheels"/>
                <componentref id = "truck_structure"/>
                <componentref id = "trailer_front_wheels"/>
                <componentref id = "trailer_rear_wheels"/>
                <componentref id = "trailer_rearr_wheels"/>
             </children>
        </component>
        <component id = "workshop_row">
            <transformation>
              <translate x="-10" y="0" z="0"/>            
            </transformation>
             <materials>
                <material id="demoMaterial" />
            </materials>
            <texture id="none"/>
            <children>
                <componentref id = "truck1"/>
                <componentref id = "truck2"/>
                <componentref id = "truck3"/>
                <componentref id = "truck4"/>
                <componentref id = "truck5"/>
                <componentref id = "truck6"/>
                <componentref id = "truck7"/>
                <componentref id = "truck8"/>
             </children>
        </component>
        
        <component id = "workshop_otherRow">
            <transformation>
                <rotate axis="y" angle="180"/>
              <translate x="21" y="0" z="0"/>            
            </transformation>
             <materials>
                <material id="demoMaterial" />
            </materials>
            <texture id="none"/>
            <children>
                <componentref id = "workshop_row"/>
             </children>
        </component>

         <component id = "workshop_complete_row">
            <transformation>
                <rotate axis="y" angle="180"/>
              <translate x="4" y="0" z="0"/>            
            </transformation>
             <materials>
                <material id="demoMaterial" />
            </materials>
            <texture id="none"/>
            <children>
                <componentref id = "workshop_row"/>
             </children>
        </component>

        <component id = "workshop">
            <transformation>
                <rotate axis="y" angle="180"/>
              <translate x="4" y="0" z="0"/>            
            </transformation>
             <materials>
                <material id="demoMaterial" />
            </materials>
            <texture id="none"/>
            <children>
                <componentref id = "workshop_row"/>
                <componentref id = "workshop_otherRow"/>
                <componentref id = "workshop_complete_row"/>
             </children>
        </component>

    </components>
</lxs>